<?xml version="1.0" encoding="UTF-8" standalone="yes"?>
<addon id="script.kodi.android.update" name="Kodi Android Installer" version="1.0.2" provider-name="Team Kodi">
    <requires>
        <import addon="xbmc.python" version="2.25.0"/>
        <import addon="script.module.simplecache" version="1.0.0"/>
        <import addon="script.module.beautifulsoup4" version="4.3.2"/>
    </requires>
    <extension point="xbmc.python.script" library="default.py"/>
    <extension point="xbmc.service" library="service.py" start="login"/>
    <extension point="xbmc.addon.metadata">
        <summary lang="en_GB">Download and Install Kodi packages.</summary>
        <description lang="en_GB">Download and Install Kodi android packages; select from  Nightlies, Releases, Snapshots and Test-builds.</description>
        <license>GNU GENERAL PUBLIC LICENSE. Version 3, June 2007</license>
        <platform>android</platform>
        <website>http://kodi.tv</website>
        <source>https://github.com/Lunatixz/script.kodi.android.update</source>
        <forum>https://forum.kodi.tv/showthread.php?tid=322783</forum>
        <news>v1.0.2[CR]-Bug Fix[CR]v1.0.1[CR]-Added After Install Cleanup.</news>
        <assets>
            <icon>resources/images/icon.png</icon>
            <fanart>resources/images/fanart.jpg</fanart>
            <screenshot>resources/images/screenshot01.png</screenshot>
            <screenshot>resources/images/screenshot02.png</screenshot>
            <screenshot>resources/images/screenshot03.png</screenshot>
        </assets>
    </extension>
</addon>
